{"cameraMode":{"drawMode":0,"name":"Shaded","section":"Shading Mode"},"sceneLighting":true,"audioPlay":false,"sceneViewState":{"m_AlwaysRefresh":false,"showFog":true,"showSkybox":true,"showFlares":true,"showImageEffects":true,"showParticleSystems":true,"showVisualEffectGraphs":true,"m_FxEnabled":false},"in2DMode":false,"pivot":{"x":-0.996398389339447,"y":-1.0094695091247559,"z":-0.4303264617919922},"rotation":{"x":0.28392258286476138,"y":-0.027038203552365304,"z":0.008009963668882847,"w":0.9584347009658814},"size":3.7876861095428469,"orthographic":false}