{"cameraMode":{"drawMode":0,"name":"Shaded","section":"Shading Mode"},"sceneLighting":true,"audioPlay":false,"sceneViewState":{"m_AlwaysRefresh":false,"showFog":true,"showSkybox":true,"showFlares":true,"showImageEffects":true,"showParticleSystems":true,"showVisualEffectGraphs":true,"m_FxEnabled":false},"in2DMode":false,"pivot":{"x":-2.3430581092834474,"y":-1.5853805541992188,"z":-0.8810195922851563},"rotation":{"x":0.28392258286476138,"y":-0.027038203552365304,"z":0.008009963668882847,"w":0.9584347009658814},"size":7.448688507080078,"orthographic":false}